Cluster,Population,MeanRMSD,currentEnergy min,currentEnergy 5-percentile,currentEnergy 25-percentile,currentEnergy mean,currentEnergy 75-percentile,currentEnergy 95-percentile,currentEnergy max,currentEnergy standard deviation,Binding Energy min,Binding Energy 5-percentile,Binding Energy 25-percentile,Binding Energy mean,Binding Energy 75-percentile,Binding Energy 95-percentile,Binding Energy max,Binding Energy standard deviation,sasaLig min,sasaLig 5-percentile,sasaLig 25-percentile,sasaLig mean,sasaLig 75-percentile,sasaLig 95-percentile,sasaLig max,sasaLig standard deviation,Selected labels
2,0.08275174476570289,0.9358780141916649,-9892.79,-9889.495,-9882.5725,-9876.995421686746,-9871.135,-9864.675,-9862.6,7.452946825816284,-44.572,-39.9598,-37.044799999999995,-34.03270542168674,-32.046,-25.4817,-18.4339,4.602774348782914,0.133966,0.15084399999999998,0.1746855,0.1935411746987952,0.2121815,0.24564925,0.286564,0.02866389264103796,-
1,0.13260219341974078,1.0900911638696436,-9916.38,-9906.8,-9885.119999999999,-9880.192180451128,-9871.7675,-9865.925,-9862.52,11.64412904043465,-38.4145,-36.002775,-32.8534,-29.503886090225564,-26.111375,-22.3507,-18.8421,4.334249851919784,0.113939,0.1461355,0.16729725,0.1931935939849624,0.2170025,0.255959,0.284231,0.035241186009681714,-
39,0.003988035892323031,0.894989335345064,-9881.84,-9881.3045,-9873.5225,-9870.83125,-9865.58,-9864.2225,-9863.75,6.370923083627604,-35.4706,-34.906119999999994,-33.72025,-32.0505,-30.30515,-29.333195,-28.8335,2.1034120239506087,0.108084,0.1096492,0.121433,0.13643125,0.14521499999999998,0.1684047,0.174816,0.020679135352753505,-
11,0.01744765702891326,0.684706001145116,-9898.86,-9898.002,-9896.064999999999,-9890.488857142856,-9889.635,-9867.948,-9864.07,8.500914159725491,-39.5878,-39.02187,-37.850750000000005,-35.63151142857142,-33.7334,-30.330990000000003,-28.1667,2.8001337129064217,0.125616,0.141289,0.158795,0.16450428571428571,0.17417749999999999,0.1793602,0.185956,0.01272946150936352,-
45,0.005982053838484547,0.8902109155894533,-9891.16,-9886.7105,-9875.81,-9871.6725,-9865.6525,-9863.7125,-9863.08,8.480356837028399,-40.7057,-40.46777,-35.022925,-32.70215833333333,-28.691225000000003,-27.828465,-27.2431,4.466483132819812,0.0700192,0.07171683,0.079145825,0.08543019166666667,0.0894648,0.10328074999999999,0.104521,0.010075878895780287,-
3,0.043369890329012964,0.9890278883456647,-9889.37,-9886.085,-9879.119999999999,-9874.635632183907,-9870.39,-9865.427,-9862.65,6.457518953679112,-46.0271,-38.37775,-35.58285,-31.754649425287358,-28.49425,-23.205940000000002,-21.3387,4.943313374554703,0.0818715,0.09446431000000001,0.1090155,0.13110752068965517,0.1481855,0.1787088,0.198917,0.026901096236352583,-
9,0.019940179461615155,0.761122962188579,-9885.43,-9881.752499999999,-9878.3575,-9874.27175,-9870.4225,-9865.5385,-9862.71,5.677236073786196,-47.9426,-47.614844999999995,-45.450175,-41.80367,-39.45845,-33.396775000000005,-31.7604,4.049858246852597,0.102622,0.10708645,0.11375425,0.1204193,0.1262945,0.13821989999999998,0.1414,0.00945262156018107,E
0,0.1585244267198405,1.1009378346572283,-9903.87,-9892.690499999999,-9884.6225,-9878.671163522013,-9871.970000000001,-9865.218,-9862.6,8.572900933011097,-65.539,-60.726690000000005,-53.99235,-48.97239591194969,-43.780425,-38.686105000000005,-32.7992,6.869125325981459,0.0279343,0.039797395,0.052166475000000004,0.05960432264150944,0.06662415,0.08294849,0.0964788,0.012560875184456192,A
19,0.010468594217347957,0.8480801995692057,-9886.99,-9881.77,-9879.37,-9874.722857142857,-9869.73,-9865.97,-9865.23,5.941999938178073,-47.1332,-46.9717,-45.9673,-42.29254761904762,-40.6789,-32.0627,-31.1548,4.498725711917293,0.0585441,0.06516,0.0686701,0.07820507619047619,0.0838761,0.0998029,0.10622,0.012106906883101882,H
8,0.027417746759720838,0.886843804403792,-9901.97,-9895.478000000001,-9884.755000000001,-9877.910181818183,-9870.24,-9866.506000000001,-9863.49,9.60960116302424,-40.9378,-38.902649999999994,-35.43685,-32.62918545454546,-29.8977,-26.3275,-25.0551,3.895841106168949,0.0828004,0.08818035,0.0967471,0.10894973818181819,0.11657600000000001,0.14239469999999999,0.147933,0.016913854157771385,-
114,0.0004985044865403788,0.0,-9874.68,-9874.68,-9874.68,-9874.68,-9874.68,-9874.68,-9874.68,0.0,-14.1464,-14.1464,-14.1464,-14.1464,-14.1464,-14.1464,-14.1464,0.0,0.131733,0.131733,0.131733,0.131733,0.131733,0.131733,0.131733,0.0,-
15,0.013459621136590228,1.0187309319659559,-9903.55,-9895.26,-9889.105,-9884.498888888887,-9880.775000000001,-9870.325,-9862.66,8.113005714800975,-37.3729,-36.84583,-35.6614,-31.572844444444446,-29.42225,-21.947840000000003,-21.0109,4.760045920984013,0.0834168,0.08702319,0.1022315,0.11539610740740741,0.127705,0.148085,0.155958,0.018692269443590766,-
20,0.010967098703888335,0.995515938992945,-9895.44,-9893.8945,-9891.41,-9882.79090909091,-9873.79,-9868.911,-9867.45,9.148529394533552,-34.4633,-33.715824999999995,-30.08025,-28.33067727272727,-26.118675,-24.75528,-22.188,2.9557441044256696,0.0676066,0.069198275,0.09397325000000001,0.12801302272727275,0.16454975,0.18071945,0.200451,0.03782578155529676,-
71,0.0009970089730807576,0.36106052124263077,-9868.65,-9868.517,-9867.985,-9867.32,-9866.654999999999,-9866.123,-9865.99,1.3299999999999272,-35.0124,-34.751825,-33.709525,-32.40665,-31.103775,-30.061474999999998,-29.8009,2.6057500000000005,0.125171,0.12587935,0.12871275,0.1322545,0.13579625,0.13862965,0.139338,0.007083499999999993,-
128,0.003489531405782652,0.7262081586098389,-9875.24,-9874.418,-9869.744999999999,-9867.908571428572,-9865.545,-9863.389000000001,-9862.78,4.062892806755107,-34.371,-34.17924,-33.59975,-30.41702857142857,-27.763550000000002,-23.88317,-23.2667,4.099373217496369,0.0610516,0.06474946,0.07626150000000001,0.0797462,0.08315425000000001,0.09356719999999999,0.0975518,0.010241721971426485,-
27,0.010468594217347957,0.8981800769466022,-9907.57,-9905.45,-9903.71,-9887.557142857144,-9878.15,-9867.7,-9867.15,13.39419353332485,-35.0519,-33.3667,-31.2403,-29.115542857142856,-27.4599,-23.0329,-21.7029,3.173888542852282,0.171058,0.172364,0.192245,0.21558033333333335,0.237298,0.248429,0.255384,0.02580642180937091,-
10,0.020438683948155532,0.999545748031402,-9893.98,-9892.36,-9887.12,-9879.900731707317,-9872.04,-9866.21,-9862.72,8.982345934609471,-37.5382,-36.5635,-34.6123,-30.708021951219514,-28.0741,-24.7441,-23.7249,3.919361530975901,0.111178,0.114766,0.132089,0.15006651219512193,0.163574,0.180566,0.186302,0.02063818114400535,-
143,0.0024925224327018943,0.8961113308866514,-9879.81,-9879.178,-9876.65,-9874.106,-9870.17,-9869.145999999999,-9868.89,4.062598183428881,-32.9022,-31.86788,-27.7306,-26.665219999999998,-24.5184,-21.45848,-20.6935,4.0242112203014395,0.154647,0.1707064,0.234944,0.2266544,0.247894,0.2561452,0.258208,0.03693204648865264,-
58,0.003489531405782652,0.9027831029838483,-9880.35,-9880.056,-9875.05,-9871.140000000001,-9866.93,-9865.086,-9864.57,5.810323325156652,-27.5596,-27.27163,-25.9321,-24.02102857142857,-22.12155,-21.29438,-21.1727,2.3035838560905084,0.122112,0.1278516,0.1458315,0.15270885714285715,0.164088,0.1663172,0.166793,0.015066891208669341,-
23,0.007477567298105683,0.9711281833109522,-9904.51,-9899.561,-9891.545,-9879.247333333335,-9868.505,-9864.896,-9864.56,13.150725945319252,-35.6859,-32.76928,-28.4173,-26.040073333333332,-22.053449999999998,-19.418290000000002,-17.2128,4.700519005736376,0.102914,0.1187074,0.1376665,0.1515162,0.16552499999999998,0.1878327,0.194496,0.023554843938349494,-
150,0.0014955134596211367,1.0940212265241982,-9865.44,-9865.373,-9865.105,-9864.33,-9863.775000000001,-9862.979000000001,-9862.78,1.1296312082562587,-39.6088,-39.299980000000005,-38.0647,-35.293366666666664,-33.13565,-30.42769,-29.7507,4.1170466877227545,0.0724358,0.07803472,0.1004304,0.1310236,0.1603175,0.18583149999999998,0.19221,0.04893212501605327,-
17,0.009970089730807577,0.7494096270120782,-9909.67,-9908.0835,-9906.01,-9900.164499999999,-9898.1075,-9893.845500000001,-9863.55,9.42436495208044,-49.6821,-47.47088,-44.335225,-41.497905,-38.312325,-37.18466,-35.8425,3.814052555678147,0.0632415,0.06679155499999999,0.072098175,0.08104578000000001,0.0885978,0.09576159000000001,0.11057,0.011318541689484561,-
14,0.011964107676969093,0.9463460175306745,-9897.42,-9896.607,-9890.6175,-9883.311249999999,-9878.275,-9864.3475,-9862.8,9.767906766762648,-41.2837,-37.721765,-34.744575,-30.924545833333337,-27.710525,-22.909945000000004,-20.5248,5.0230243917367785,0.0600788,0.068687065,0.09721715,0.11267801666666666,0.12976925,0.16522094999999995,0.169707,0.026990046573577616,-
83,0.0004985044865403788,0.0,-9890.35,-9890.35,-9890.35,-9890.35,-9890.35,-9890.35,-9890.35,0.0,-29.5967,-29.5967,-29.5967,-29.5967,-29.5967,-29.5967,-29.5967,0.0,0.123714,0.123714,0.123714,0.123714,0.123714,0.123714,0.123714,0.0,-
165,0.0014955134596211367,0.7624520591857719,-9871.77,-9871.546,-9870.650000000001,-9868.85,-9867.39,-9865.678,-9865.25,2.7048598238481443,-26.1103,-26.02918,-25.7047,-23.9657,-22.8934,-20.96884,-20.4877,2.481514908276796,0.23688,0.23714000000000002,0.23818,0.260743,0.2726745,0.2992301,0.305869,0.031926550152916094,-
5,0.041375872382851446,0.9522898664306974,-9913.75,-9911.704,-9905.73,-9893.68795180723,-9884.755000000001,-9875.891,-9868.22,12.270473303097008,-52.1204,-44.72378,-41.46755,-39.574768674698795,-37.703050000000005,-32.67441000000001,-21.2019,4.01331466937297,0.0927099,0.09705512,0.1202185,0.1358099879518072,0.150387,0.172364,0.181678,0.022074068037795033,C
12,0.014955134596211365,0.6493238658472784,-9878.64,-9878.294,-9875.5975,-9872.381333333331,-9869.3075,-9865.341,-9863.74,4.4942160853947835,-44.9254,-42.835719999999995,-40.941825,-38.725339999999996,-37.3506,-32.72955,-31.2723,3.2578523580829546,0.0715249,0.07274773500000001,0.0782524,0.08494925333333334,0.089529075,0.09891588,0.106931,0.008323389862138835,F
7,0.020438683948155532,0.8570684982982817,-9888.41,-9876.35,-9873.44,-9870.666097560976,-9866.91,-9863.62,-9863.26,5.277460068154907,-41.5172,-40.8623,-37.0068,-33.982463414634154,-31.2095,-27.4793,-23.7409,4.093902409607882,0.0641113,0.0716108,0.0834798,0.09501612926829268,0.110081,0.125945,0.137264,0.01736821119298189,-
130,0.0024925224327018943,0.7946603930613515,-9884.42,-9883.984,-9882.24,-9871.511999999999,-9863.07,-9862.662,-9862.56,9.716734842528181,-37.9211,-37.60802,-36.3557,-35.10544,-33.8514,-32.414680000000004,-32.0555,2.0210152989030044,0.122042,0.1230194,0.126929,0.1316236,0.135985,0.13780099999999998,0.138255,0.006125754144593137,-
22,0.011964107676969093,1.0366878040584833,-9883.88,-9882.999,-9876.3625,-9872.604999999998,-9867.02,-9863.287,-9862.8,6.098492300014084,-37.9403,-34.82702,-30.015275,-28.10014583333333,-25.61435,-23.22269,-16.9351,4.088358647833624,0.0852688,0.10090185,0.1085055,0.1303292,0.14714225,0.18106489999999995,0.19326,0.02717340923899686,-
145,0.0004985044865403788,0.0,-9875.53,-9875.53,-9875.53,-9875.53,-9875.53,-9875.53,-9875.53,0.0,-29.2367,-29.2367,-29.2367,-29.2367,-29.2367,-29.2367,-29.2367,0.0,0.0948821,0.0948821,0.0948821,0.0948821,0.0948821,0.0948821,0.0948821,0.0,-
124,0.0019940179461615153,1.2861744881798607,-9890.62,-9889.772500000001,-9886.3825,-9881.95,-9879.8725,-9870.8305,-9868.57,8.15735557641102,-49.95,-49.56693,-48.03465,-37.4394,-26.822499999999998,-25.342180000000003,-24.9721,11.303633795156317,0.105891,0.106203,0.10745099999999999,0.13346225,0.15233075,0.17072135,0.175319,0.0286685106290421,-
129,0.0004985044865403788,0.0,-9882.29,-9882.29,-9882.29,-9882.29,-9882.29,-9882.29,-9882.29,0.0,-24.4154,-24.4154,-24.4154,-24.4154,-24.4154,-24.4154,-24.4154,0.0,0.148882,0.148882,0.148882,0.148882,0.148882,0.148882,0.148882,0.0,-
30,0.003489531405782652,0.7405825045616955,-9897.63,-9894.296999999999,-9881.51,-9876.311428571427,-9868.61,-9864.463,-9863.68,11.09199637907724,-31.338,-30.58908,-28.026,-26.569042857142854,-24.786900000000003,-23.78181,-23.6139,2.5497791466585285,0.105814,0.1154464,0.1445865,0.15870514285714285,0.180092,0.1880469,0.189828,0.027385002096708605,-
60,0.003988035892323031,1.0510705058873913,-9879.43,-9879.43,-9873.445,-9871.310000000001,-9869.165,-9864.8975,-9862.64,5.27007827266371,-24.744,-23.96546,-21.839125000000003,-20.70365,-19.3877,-18.232495,-17.7573,2.0557977654672164,0.232634,0.23577805000000002,0.2470935,0.26459212499999996,0.280345,0.29602035,0.298253,0.021842042838511582,-
127,0.0004985044865403788,0.0,-9864.64,-9864.64,-9864.64,-9864.64,-9864.64,-9864.64,-9864.64,0.0,-24.1619,-24.1619,-24.1619,-24.1619,-24.1619,-24.1619,-24.1619,0.0,0.121544,0.121544,0.121544,0.121544,0.121544,0.121544,0.121544,0.0,-
35,0.00448654037886341,0.931794594301651,-9885.04,-9880.652,-9869.68,-9868.363333333333,-9864.03,-9863.12,-9862.68,6.798707393484721,-33.2515,-33.17426,-32.9415,-28.92983333333333,-27.1739,-25.31064,-25.2868,3.0774187098208707,0.0547995,0.05950582,0.0801481,0.08485590000000001,0.0954447,0.10085772,0.10393,0.014753420265145298,-
61,0.003489531405782652,1.114502237555944,-9881.64,-9879.557999999999,-9873.795,-9871.987142857144,-9868.845000000001,-9866.624,-9865.79,4.78500549122121,-50.8329,-50.64759,-49.784000000000006,-47.508671428571425,-45.4493,-45.010740000000006,-44.9025,2.34345227188698,0.0353293,0.03707842,0.04286585,0.04611645714285715,0.050427200000000005,0.0550671,0.0551709,0.006560653527955699,-
13,0.013459621136590228,0.8690843436804156,-9902.67,-9898.509,-9895.755000000001,-9891.671851851852,-9888.635,-9879.304,-9869.21,6.706031026337467,-49.021,-48.18596,-43.483900000000006,-41.463588888888886,-39.93155,-33.828829999999996,-31.2986,4.242790126733371,0.118807,0.120085,0.13636,0.13970892592592593,0.14587899999999998,0.1513266,0.15332,0.009146140339270121,G
33,0.007976071784646061,1.0472393089717524,-9883.68,-9875.5575,-9871.98,-9869.37375,-9865.015,-9863.3875,-9863.02,4.997434185409594,-44.5082,-37.1579,-31.115325,-30.184681249999997,-27.652825,-25.204925,-21.6218,4.732468898764517,0.0940533,0.095791125,0.10359750000000001,0.11812439375,0.13502175,0.1488495,0.155493,0.01929085454841454,-
144,0.0019940179461615153,1.0295764809262562,-9884.1,-9882.096,-9874.08,-9871.255,-9865.755000000001,-9864.159,-9863.76,7.823226636113861,-30.5443,-30.353065,-29.588125,-26.711599999999997,-24.880975,-21.605875,-20.7871,3.759946355335406,0.126947,0.12867875,0.13560575,0.15504625,0.16288550000000002,0.19765549999999998,0.206348,0.030576460818536537,-
32,0.003489531405782652,0.6130328109334336,-9883.47,-9882.521999999999,-9880.099999999999,-9876.339999999998,-9874.335,-9865.996,-9863.05,6.269875824698786,-53.0137,-51.10852,-45.415,-44.62217142857143,-42.2459,-40.81753,-40.3381,3.8824424542563736,0.0701268,0.07164231,0.07547935,0.07939437142857142,0.08249504999999999,0.08637429999999999,0.0878692,0.005528421819422732,-
4,0.03988035892323031,0.8638834943219376,-9886.51,-9883.6235,-9879.27,-9875.001874999998,-9870.8875,-9865.261,-9863.69,5.899803194545974,-49.8289,-46.242174999999996,-44.701625,-40.9449275,-38.110875,-33.628685000000004,-28.8844,4.281682468171098,0.0515229,0.059364940000000005,0.06565505,0.07816922875,0.08973855,0.10464694999999997,0.116714,0.015402888026943142,B
70,0.003489531405782652,0.7869158753318404,-9894.13,-9892.653999999999,-9882.945,-9877.81142857143,-9871.335,-9870.029999999999,-9869.55,9.091310495775975,-31.1868,-30.984720000000003,-29.8993,-25.001628571428572,-21.751350000000002,-16.486260000000005,-14.7663,5.562372030685749,0.188729,0.1916213,0.2030345,0.21848657142857145,0.236872,0.2505612,0.251799,0.022406683555564032,-
24,0.006480558325024925,0.8722119355092014,-9898.72,-9898.228,-9896.41,-9883.999999999998,-9866.58,-9863.376,-9863.34,14.727886683222607,-30.2301,-29.3592,-27.3114,-25.993292307692307,-24.9783,-22.586080000000006,-20.2525,2.3710917191686316,0.184694,0.18671480000000001,0.188755,0.20906938461538463,0.219215,0.24185979999999999,0.256201,0.02099766216854578,-
38,0.005483549351944167,1.226367737292277,-9878.01,-9875.57,-9871.259999999998,-9869.481818181817,-9867.605,-9864.805,-9863.93,3.6663303877850213,-40.5565,-38.68315,-32.58295,-29.558863636363636,-26.4587,-20.7145,-16.2411,6.199867713291474,0.0771656,0.07864805,0.0815521,0.09789332727272727,0.11148749999999999,0.130845,0.131273,0.019448434835977323,-
55,0.0024925224327018943,0.8480136015618542,-9890.97,-9888.797999999999,-9880.11,-9874.916000000001,-9867.17,-9865.122000000001,-9864.61,9.603511024619861,-36.0375,-35.63676,-34.0338,-31.99516,-32.2213,-26.3805,-24.9203,3.773347949818569,0.0947351,0.09533942000000001,0.0977567,0.11049416000000001,0.124981,0.12678499999999998,0.127236,0.013477487135011477,-
6,0.031904287138584245,0.8556385909695575,-9903.51,-9902.0845,-9899.2275,-9890.824375,-9882.682499999999,-9874.341,-9870.44,9.820272061372602,-40.0109,-39.33212,-38.115125,-34.8614421875,-32.018375000000006,-26.86095,-25.8522,4.124638053355587,0.14719,0.15340584999999998,0.16417600000000002,0.182746703125,0.19257525,0.234294,0.274269,0.027712846909014783,D
157,0.0014955134596211367,0.8248919608902715,-9901.8,-9900.651,-9896.055,-9886.336666666668,-9878.605,-9869.241,-9866.9,14.5222365892982,-32.7432,-32.3313,-30.6837,-28.26556666666667,-26.02675,-23.948790000000002,-23.4293,3.8108307671104416,0.17809,0.1819425,0.1973525,0.20563066666666666,0.219401,0.2216298,0.222187,0.019606598146769082,-
42,0.003489531405782652,0.7629563081979785,-9883.41,-9881.592,-9876.744999999999,-9873.82142857143,-9869.98,-9868.569,-9868.41,5.0172486158718925,-34.6068,-34.3257,-32.4039,-29.608971428571433,-27.087049999999998,-26.12176,-25.906,3.252562478466253,0.114905,0.1164959,0.127096,0.13518557142857143,0.1447495,0.1481471,0.148622,0.01210788440712607,-
18,0.011465603190428714,0.8970395863417892,-9896.08,-9895.951000000001,-9893.32,-9888.574782608695,-9883.685000000001,-9880.651,-9878.52,5.433802311589582,-40.4279,-38.72251,-37.783500000000004,-32.879547826086956,-30.3411,-22.23748,-18.6736,6.147483496582658,0.158263,0.1612431,0.182252,0.20107595652173912,0.2253995,0.2444684,0.257268,0.0276448867203452,-
57,0.0014955134596211367,0.549080405727948,-9872.79,-9872.132000000001,-9869.5,-9868.293333333333,-9866.044999999998,-9865.912999999999,-9865.88,3.182476324430501,-31.7773,-31.411270000000002,-29.94715,-28.320566666666664,-26.5922,-25.37236,-25.0674,2.743084522131164,0.114292,0.11581040000000001,0.121884,0.13327833333333336,0.1427715,0.1534079,0.156067,0.01726520509258112,-
48,0.0019940179461615153,0.626982762577606,-9873.9,-9873.141,-9870.105,-9868.1625,-9865.032500000001,-9864.8465,-9864.8,3.6743052064301,-26.8904,-26.65484,-25.712600000000002,-24.4707,-22.9637,-22.6577,-22.5812,1.735618699484423,0.126448,0.128398,0.13619799999999999,0.1430595,0.1531595,0.1531871,0.153194,0.011107101185727985,-
56,0.0019940179461615153,0.7375779068670792,-9877.0,-9876.421,-9874.105,-9873.36,-9872.18,-9870.908,-9870.59,2.3126499951354824,-33.6052,-33.387955000000005,-32.518975,-30.178325,-28.6418,-25.842920000000003,-25.1432,3.207329717518142,0.137387,0.13816985,0.14130125000000002,0.14976225,0.15524849999999998,0.16551929999999998,0.168087,0.011636273402060464,-
53,0.0019940179461615153,0.713117597174304,-9879.17,-9877.757,-9872.105,-9869.505,-9865.24,-9863.584,-9863.17,6.049485515314472,-38.1518,-37.76906,-36.2381,-33.655375,-30.767875,-29.968374999999998,-29.7685,3.3776031060317027,0.0702803,0.07039292,0.0708434,0.07708235000000001,0.0802244,0.08810744,0.0900782,0.007934071282922783,-
134,0.0019940179461615153,0.7779362154486852,-9876.94,-9876.901,-9876.745,-9873.4975,-9872.5875,-9866.8215,-9865.38,4.746063500418471,-32.731,-32.675290000000004,-32.45245,-28.660874999999997,-25.084625000000003,-24.345005,-24.1601,3.9110028748231573,0.0688975,0.070246435,0.075642175,0.087457475,0.1015025,0.1015469,0.101558,0.014418476036907471,-
96,0.0004985044865403788,0.0,-9867.42,-9867.42,-9867.42,-9867.42,-9867.42,-9867.42,-9867.42,0.0,-30.4629,-30.4629,-30.4629,-30.4629,-30.4629,-30.4629,-30.4629,0.0,0.111804,0.111804,0.111804,0.111804,0.111804,0.111804,0.111804,0.0,-
98,0.0004985044865403788,0.0,-9873.17,-9873.17,-9873.17,-9873.17,-9873.17,-9873.17,-9873.17,0.0,-21.0983,-21.0983,-21.0983,-21.0983,-21.0983,-21.0983,-21.0983,0.0,0.104137,0.104137,0.104137,0.104137,0.104137,0.104137,0.104137,0.0,-
122,0.0004985044865403788,0.0,-9876.62,-9876.62,-9876.62,-9876.62,-9876.62,-9876.62,-9876.62,0.0,-21.7485,-21.7485,-21.7485,-21.7485,-21.7485,-21.7485,-21.7485,0.0,0.118205,0.118205,0.118205,0.118205,0.118205,0.118205,0.118205,0.0,-
47,0.0029910269192422734,1.0291440911491225,-9890.23,-9884.474999999999,-9866.8925,-9869.385,-9864.73,-9863.225,-9862.83,9.42058340373161,-29.3882,-29.314475,-28.383575,-25.427833333333336,-23.503899999999998,-21.4448,-20.7677,3.128285768951139,0.14499,0.146491,0.152351,0.17583983333333333,0.19947375,0.208086,0.209918,0.025907009182951926,-
164,0.0019940179461615153,0.8206057886165812,-9886.14,-9885.7485,-9884.1825,-9880.1175,-9877.17,-9872.922,-9871.86,5.419605036346898,-22.6546,-22.497609999999998,-21.86965,-21.1055,-20.589,-19.36668,-19.0611,1.3068894616607785,0.204053,0.20817275000000002,0.22465175,0.23029325,0.242627,0.2430446,0.243149,0.015836512879655668,-
28,0.003988035892323031,0.7107198449555061,-9881.91,-9881.182,-9877.73,-9875.525000000001,-9873.8525,-9868.4385,-9866.23,4.46721949315234,-36.1696,-36.103205,-34.1019,-32.456925,-30.773525,-29.998185,-29.8207,2.3183803865791752,0.156118,0.1600674,0.1675265,0.180693375,0.191859,0.20393855,0.205054,0.016226678880300025,-
151,0.0004985044865403788,0.0,-9869.15,-9869.15,-9869.15,-9869.15,-9869.15,-9869.15,-9869.15,0.0,-20.8448,-20.8448,-20.8448,-20.8448,-20.8448,-20.8448,-20.8448,0.0,0.21303,0.21303,0.21303,0.21303,0.21303,0.21303,0.21303,0.0,-
139,0.0009970089730807576,0.7116425718013221,-9879.81,-9879.24,-9876.96,-9874.11,-9871.26,-9868.98,-9868.41,5.699999999999818,-29.4725,-29.212045,-28.170225000000002,-26.86795,-25.565675,-24.523855,-24.2634,2.6045499999999997,0.134468,0.13494845,0.13687025,0.13927250000000002,0.14167475000000002,0.14359655000000002,0.144077,0.004804500000000003,-
25,0.005483549351944167,0.9449286325421181,-9895.77,-9895.515,-9885.279999999999,-9879.956363636364,-9873.060000000001,-9868.925,-9867.5,9.18332012918212,-34.709,-31.72725,-27.259700000000002,-25.188945454545454,-23.12175,-18.0352,-13.9758,4.8386703525515316,0.111922,0.1152785,0.125112,0.13494163636363637,0.1412485,0.1564195,0.167119,0.014377746936105032,-
41,0.003489531405782652,0.867835071743107,-9888.18,-9885.114,-9875.675,-9874.665714285715,-9870.39,-9869.922,-9869.82,6.092468083374632,-37.8483,-36.28593,-32.2715,-31.300157142857138,-28.65795,-28.138,-28.0459,3.1572698390753193,0.16227,0.1641171,0.17335699999999998,0.1848348571428571,0.189089,0.2121862,0.22147,0.01774362995901484,-
46,0.003489531405782652,0.8412888928927431,-9880.48,-9880.426,-9877.555,-9873.985714285713,-9870.295,-9869.83,-9869.68,4.347734573127032,-33.5794,-33.31069,-32.2748,-31.416914285714284,-30.741,-28.96075,-28.57,1.5635406463066646,0.0936686,0.09627212,0.10249749999999999,0.1144948,0.126031,0.1309581,0.131697,0.013757679308454812,-
68,0.0014955134596211367,0.7312937288624148,-9883.66,-9883.527,-9882.994999999999,-9877.056666666667,-9873.755000000001,-9866.895,-9865.18,8.415605873745456,-44.3565,-44.28033,-43.97565,-41.09356666666667,-39.4621,-36.15594,-35.3294,4.087726323465839,0.0705127,0.07128982,0.0743983,0.07588993333333334,0.07857855,0.07881427,0.0788732,0.0038098816572463565,-
34,0.0029910269192422734,0.6531154151501758,-9870.83,-9870.7875,-9870.3575,-9869.44,-9868.48,-9868.2025,-9868.2,1.0403204634470042,-45.0155,-44.98975,-44.797250000000005,-43.051483333333344,-42.14775,-40.03985,-39.3796,2.004121532755824,0.0606912,0.061745225,0.06562032500000001,0.06981601666666666,0.069423975,0.08296855,0.0873701,0.008383806163753366,-
26,0.00448654037886341,0.6937701931301048,-9893.37,-9891.762,-9881.35,-9878.53,-9873.05,-9871.9,-9871.26,7.492894411819148,-54.3368,-53.92904,-50.8704,-48.308144444444444,-45.9765,-44.29822,-43.4005,3.526957477017741,0.0489378,0.04909384,0.0520372,0.06306417777777779,0.0762802,0.07992562,0.0808135,0.012100831109453028,-
147,0.0009970089730807576,0.8595091913411981,-9870.41,-9870.018,-9868.45,-9866.49,-9864.529999999999,-9862.962,-9862.57,3.9200000000000728,-27.4248,-27.096135,-25.781475,-24.138150000000003,-22.494825000000002,-21.180165000000002,-20.8515,3.28665,0.164127,0.16639165,0.17545025,0.18677349999999998,0.19809675,0.20715535,0.20942,0.0226465,-
72,0.0019940179461615153,0.9601887752733902,-9872.6,-9871.982,-9869.51,-9867.5475,-9865.1525,-9863.7185,-9863.36,3.4337834454140372,-26.8689,-26.458695,-24.817875,-23.48995,-22.068425,-20.652245,-20.2982,2.382799736129748,0.154272,0.15770655,0.17144474999999998,0.18123825,0.194031,0.200571,0.202206,0.01792165983349478,-
137,0.0004985044865403788,0.0,-9885.27,-9885.27,-9885.27,-9885.27,-9885.27,-9885.27,-9885.27,0.0,-34.7767,-34.7767,-34.7767,-34.7767,-34.7767,-34.7767,-34.7767,0.0,0.113446,0.113446,0.113446,0.113446,0.113446,0.113446,0.113446,0.0,-
125,0.0009970089730807576,0.6281736224962017,-9881.98,-9881.622,-9880.189999999999,-9878.4,-9876.61,-9875.178,-9874.82,3.5799999999999272,-31.2118,-31.192625,-31.115925,-31.020049999999998,-30.924174999999998,-30.847475,-30.8283,0.19175000000000075,0.125863,0.12618025,0.12744925000000001,0.1290355,0.13062174999999998,0.13189075,0.132208,0.0031724999999999948,-
153,0.0019940179461615153,1.0295999921451984,-9880.34,-9879.7925,-9877.6025,-9874.2025,-9870.565,-9868.945000000002,-9868.54,4.601545256758748,-19.7326,-19.650775000000003,-19.323475000000002,-17.289925,-16.180950000000003,-13.634670000000002,-12.9981,2.645184415475602,0.20795,0.21204109999999998,0.22840549999999998,0.25625875,0.28474625,0.29958844999999995,0.303299,0.0370351728588851,-
31,0.003489531405782652,0.6271803578376449,-9869.06,-9868.904,-9868.365000000002,-9867.447142857143,-9866.965,-9865.592,-9865.07,1.2260705442967765,-19.7716,-19.69042,-19.47215,-18.478114285714287,-17.9207,-16.63408,-16.1929,1.1735752571018323,0.30796,0.3114463,0.320427,0.3310558571428572,0.34250899999999995,0.3501718,0.352336,0.014588019423275981,-
49,0.0029910269192422734,0.8838702546735201,-9882.62,-9880.4775,-9873.765,-9872.293333333333,-9868.835,-9866.75,-9866.12,5.320074143176031,-37.4404,-36.66782499999999,-32.3861,-28.306816666666663,-25.311349999999997,-21.9212,-20.8115,5.725101902562278,0.112118,0.1196055,0.14503725,0.15939166666666668,0.17662425,0.193992,0.199094,0.027794379855567125,-
21,0.00897308075772682,0.9125324918507675,-9872.76,-9872.7345,-9868.130000000001,-9866.725555555557,-9864.002499999999,-9863.035,-9862.78,3.088441214561518,-27.5979,-26.92062,-25.908099999999997,-24.59602777777778,-23.592025,-21.39665,-20.4319,1.882935921729549,0.19596,0.21590015,0.23486725,0.2598537777777778,0.283175,0.31315849999999995,0.342288,0.03424513649095227,-
37,0.003988035892323031,0.8326545368451695,-9876.12,-9875.766500000002,-9872.785,-9869.557499999999,-9865.884999999998,-9864.307999999999,-9863.58,4.2829626136593015,-25.8728,-25.08208,-23.0475,-21.463075,-19.616725,-18.478875000000002,-17.9957,2.4443392081245605,0.27848,0.2898305,0.31172,0.32073287500000003,0.33256025,0.33771175,0.339369,0.01860834851912912,-
65,0.0024925224327018943,0.8276441084220318,-9874.76,-9873.904,-9870.48,-9868.382000000001,-9863.5,-9863.3,-9863.25,4.418535503987745,-38.0923,-38.009640000000005,-37.679,-31.12092,-25.3413,-21.12274,-20.0681,7.18452596304029,0.06573,0.06714304,0.0727952,0.09601741999999999,0.099152,0.1441816,0.155439,0.03187220920353027,-
59,0.0029910269192422734,0.8519403693662834,-9878.21,-9876.637499999999,-9871.8,-9870.16,-9866.585,-9863.8525,-9863.41,4.835821198789744,-33.744,-33.333175,-31.90285,-30.873333333333335,-30.093525,-28.23265,-27.6533,1.8836922826076328,0.14627,0.147402,0.15102625,0.16518633333333332,0.17955125,0.18618574999999998,0.18766,0.016258514330104768,-
113,0.0004985044865403788,0.0,-9864.39,-9864.39,-9864.39,-9864.39,-9864.39,-9864.39,-9864.39,0.0,-26.3699,-26.3699,-26.3699,-26.3699,-26.3699,-26.3699,-26.3699,0.0,0.169442,0.169442,0.169442,0.169442,0.169442,0.169442,0.169442,0.0,-
95,0.0004985044865403788,0.0,-9865.31,-9865.31,-9865.31,-9865.31,-9865.31,-9865.31,-9865.31,0.0,-23.6223,-23.6223,-23.6223,-23.6223,-23.6223,-23.6223,-23.6223,0.0,0.11443,0.11443,0.11443,0.11443,0.11443,0.11443,0.11443,0.0,-
67,0.0009970089730807576,0.4196291219636692,-9866.91,-9866.721,-9865.965,-9865.02,-9864.074999999999,-9863.319,-9863.13,1.8900000000003274,-22.2105,-22.07222,-21.5191,-20.8277,-20.1363,-19.583180000000002,-19.4449,1.3827999999999996,0.299639,0.3008283,0.3055855,0.31153200000000003,0.3174785,0.3222357,0.323425,0.011893000000000015,-
69,0.0009970089730807576,0.45658241315232495,-9871.65,-9871.3145,-9869.9725,-9868.295,-9866.6175,-9865.2755,-9864.94,3.3549999999995634,-23.7286,-23.437260000000002,-22.271900000000002,-20.8152,-19.3585,-18.193140000000003,-17.9018,2.9133999999999993,0.264666,0.26537385,0.26820525,0.2717445,0.27528375,0.27811515,0.278823,0.007078499999999988,-
126,0.0004985044865403788,0.0,-9865.82,-9865.82,-9865.82,-9865.82,-9865.82,-9865.82,-9865.82,0.0,-23.0155,-23.0155,-23.0155,-23.0155,-23.0155,-23.0155,-23.0155,0.0,0.258945,0.258945,0.258945,0.258945,0.258945,0.258945,0.258945,0.0,-
120,0.0004985044865403788,0.0,-9872.09,-9872.09,-9872.09,-9872.09,-9872.09,-9872.09,-9872.09,0.0,-21.2879,-21.2879,-21.2879,-21.2879,-21.2879,-21.2879,-21.2879,0.0,0.279574,0.279574,0.279574,0.279574,0.279574,0.279574,0.279574,0.0,-
43,0.0014955134596211367,0.5759624375669543,-9876.14,-9876.02,-9875.54,-9873.766666666666,-9872.58,-9870.692,-9870.22,2.5552734143772655,-28.4275,-28.390259999999998,-28.2413,-26.504466666666662,-25.542949999999998,-23.53323,-23.0308,2.4609538155402717,0.180209,0.1806381,0.1823545,0.18470666666666666,0.1869555,0.1889199,0.189411,0.003759542022936063,-
85,0.0004985044865403788,0.0,-9874.84,-9874.84,-9874.84,-9874.84,-9874.84,-9874.84,-9874.84,0.0,-37.3057,-37.3057,-37.3057,-37.3057,-37.3057,-37.3057,-37.3057,0.0,0.0894237,0.0894237,0.0894237,0.0894237,0.0894237,0.0894237,0.0894237,0.0,-
97,0.0004985044865403788,0.0,-9878.33,-9878.33,-9878.33,-9878.33,-9878.33,-9878.33,-9878.33,0.0,-41.1431,-41.1431,-41.1431,-41.1431,-41.1431,-41.1431,-41.1431,0.0,0.100018,0.100018,0.100018,0.100018,0.100018,0.100018,0.100018,0.0,-
16,0.00847457627118644,0.5925067367621695,-9894.32,-9892.336,-9889.88,-9886.232352941175,-9881.9,-9878.41,-9878.01,4.7578597875288295,-55.4256,-55.306560000000005,-53.6309,-48.98867647058824,-45.6572,-37.73628,-34.369,6.4534865511989095,0.0324,0.03816096,0.0410452,0.04447036470588235,0.0472766,0.05430736,0.05637,0.005457497557967838,-
88,0.0004985044865403788,0.0,-9870.85,-9870.85,-9870.85,-9870.85,-9870.85,-9870.85,-9870.85,0.0,-33.4504,-33.4504,-33.4504,-33.4504,-33.4504,-33.4504,-33.4504,0.0,0.100734,0.100734,0.100734,0.100734,0.100734,0.100734,0.100734,0.0,-
111,0.0004985044865403788,0.0,-9879.86,-9879.86,-9879.86,-9879.86,-9879.86,-9879.86,-9879.86,0.0,-22.3734,-22.3734,-22.3734,-22.3734,-22.3734,-22.3734,-22.3734,0.0,0.13683,0.13683,0.13683,0.13683,0.13683,0.13683,0.13683,0.0,-
123,0.0014955134596211367,1.0682578781807168,-9881.44,-9880.949,-9878.985,-9874.480000000001,-9871.0,-9866.576,-9865.47,6.678927059541365,-43.4362,-41.40631,-33.28675,-25.58996666666667,-16.66685,-11.490490000000001,-10.1964,13.680466764535323,0.126735,0.13568449999999999,0.17148249999999998,0.19050833333333336,0.222395,0.227327,0.22856,0.0453746313728522,-
112,0.0009970089730807576,0.6368863713410733,-9881.38,-9881.285,-9880.904999999999,-9880.43,-9879.955,-9879.574999999999,-9879.48,0.9499999999998181,-21.8012,-21.771150000000002,-21.65095,-21.500700000000002,-21.35045,-21.230249999999998,-21.2002,0.3005000000000013,0.16509,0.16716665,0.17547325,0.18585649999999998,0.19623975,0.20454635,0.206623,0.020766500000000007,-
131,0.003489531405782652,0.8133518780291418,-9890.84,-9888.884,-9882.695,-9876.694285714286,-9869.965,-9864.809000000001,-9863.51,8.872659219909854,-54.5269,-53.61352,-47.13005,-42.51844285714286,-37.9279,-33.04356000000001,-31.3482,7.502768678838717,0.0650367,0.06534273,0.0683896,0.08276681428571428,0.091258,0.10142931,0.105204,0.014342298064857826,-
73,0.0024925224327018943,0.8894595749475377,-9881.97,-9881.395999999999,-9879.1,-9873.636,-9866.85,-9863.698,-9862.91,7.4054239581538335,-39.7013,-39.4275,-38.3323,-30.8325,-27.0707,-22.4555,-21.3017,7.061893193188354,0.203022,0.2045632,0.210728,0.2311404,0.251049,0.2512346,0.251281,0.02040217710539735,-
74,0.0009970089730807576,0.499293250505152,-9871.63,-9871.3645,-9870.3025,-9868.974999999999,-9867.6475,-9866.5855,-9866.32,2.6549999999997453,-14.63,-14.569675,-14.328375000000001,-14.02675,-13.725125,-13.483825000000001,-13.4235,0.6032500000000001,0.339256,0.33975645,0.34175825,0.34426049999999997,0.34676275,0.34876455,0.349265,0.005004499999999995,-
36,0.0029910269192422734,0.6080750728119922,-9889.34,-9887.657500000001,-9882.225,-9879.998333333331,-9875.35,-9873.52,-9873.39,5.417282272710612,-38.1439,-37.38,-34.91535,-33.98176666666667,-31.861625,-30.890775,-30.8488,2.4999598301217207,0.109787,0.111441,0.11781975,0.13029766666666667,0.139315,0.1582545,0.163186,0.01801857209165649,-
62,0.0009970089730807576,0.2648736491235018,-9872.46,-9872.403999999999,-9872.18,-9871.9,-9871.619999999999,-9871.396,-9871.34,0.5599999999994907,-38.2829,-38.28245,-38.280649999999994,-38.2784,-38.27615,-38.27435,-38.2739,0.0045000000000001705,0.0961152,0.09641249,0.09760165,0.0990881,0.10057455,0.10176371,0.102061,0.0029729000000000005,-
63,0.0009970089730807576,0.4918440809850211,-9864.66,-9864.6585,-9864.6525,-9864.645,-9864.637499999999,-9864.6315,-9864.63,0.015000000000327418,-35.664,-35.42472,-34.467600000000004,-33.2712,-32.074799999999996,-31.11768,-30.8784,2.392800000000001,0.116733,0.11760345,0.12108525,0.1254375,0.12978975,0.13327155000000002,0.134142,0.008704500000000004,-
29,0.003489531405782652,0.5455393396227233,-9880.48,-9880.117,-9878.84,-9876.697142857143,-9874.33,-9872.060000000001,-9871.94,3.1086364226397603,-27.0922,-26.98039,-26.15775,-25.404700000000002,-24.7673,-23.8729,-23.5369,1.1301809374735405,0.143883,0.14577690000000001,0.151044,0.15709242857142858,0.1633605,0.17107139999999998,0.174051,0.009516589648115139,-
78,0.0004985044865403788,0.0,-9876.87,-9876.87,-9876.87,-9876.87,-9876.87,-9876.87,-9876.87,0.0,-30.1313,-30.1313,-30.1313,-30.1313,-30.1313,-30.1313,-30.1313,0.0,0.126036,0.126036,0.126036,0.126036,0.126036,0.126036,0.126036,0.0,-
90,0.0004985044865403788,0.0,-9866.45,-9866.45,-9866.45,-9866.45,-9866.45,-9866.45,-9866.45,0.0,-30.1215,-30.1215,-30.1215,-30.1215,-30.1215,-30.1215,-30.1215,0.0,0.116747,0.116747,0.116747,0.116747,0.116747,0.116747,0.116747,0.0,-
121,0.0004985044865403788,0.0,-9863.05,-9863.05,-9863.05,-9863.05,-9863.05,-9863.05,-9863.05,0.0,-25.4728,-25.4728,-25.4728,-25.4728,-25.4728,-25.4728,-25.4728,0.0,0.199074,0.199074,0.199074,0.199074,0.199074,0.199074,0.199074,0.0,-
132,0.0009970089730807576,0.568440102385466,-9889.26,-9888.2295,-9884.1075,-9878.955,-9873.8025,-9869.6805,-9868.65,10.305000000000291,-31.904,-31.60544,-30.4112,-28.9184,-27.4256,-26.231360000000002,-25.9328,2.9856,0.13649,0.13714490000000001,0.1397645,0.143039,0.14631349999999999,0.14893309999999998,0.149588,0.006548999999999999,-
118,0.0004985044865403788,0.0,-9865.55,-9865.55,-9865.55,-9865.55,-9865.55,-9865.55,-9865.55,0.0,-19.8342,-19.8342,-19.8342,-19.8342,-19.8342,-19.8342,-19.8342,0.0,0.200539,0.200539,0.200539,0.200539,0.200539,0.200539,0.200539,0.0,-
162,0.0014955134596211367,0.6841921117842246,-9883.65,-9883.378999999999,-9882.295,-9881.633333333333,-9880.625,-9880.373,-9880.31,1.449007323039448,-34.6059,-33.70107,-30.08175,-26.686333333333334,-22.72655,-20.46171,-19.8955,6.058299884914542,0.155619,0.1583932,0.16949,0.17790633333333336,0.18905,0.1936012,0.194739,0.01642982331682913,-
138,0.0004985044865403788,0.0,-9867.34,-9867.34,-9867.34,-9867.34,-9867.34,-9867.34,-9867.34,0.0,-33.287,-33.287,-33.287,-33.287,-33.287,-33.287,-33.287,0.0,0.0820479,0.0820479,0.0820479,0.0820479,0.0820479,0.0820479,0.0820479,0.0,-
99,0.0004985044865403788,0.0,-9874.18,-9874.18,-9874.18,-9874.18,-9874.18,-9874.18,-9874.18,0.0,-42.878,-42.878,-42.878,-42.878,-42.878,-42.878,-42.878,0.0,0.0832742,0.0832742,0.0832742,0.0832742,0.0832742,0.0832742,0.0832742,0.0,-
108,0.0004985044865403788,0.0,-9864.24,-9864.24,-9864.24,-9864.24,-9864.24,-9864.24,-9864.24,0.0,-31.1553,-31.1553,-31.1553,-31.1553,-31.1553,-31.1553,-31.1553,0.0,0.117732,0.117732,0.117732,0.117732,0.117732,0.117732,0.117732,0.0,-
92,0.0004985044865403788,0.0,-9872.68,-9872.68,-9872.68,-9872.68,-9872.68,-9872.68,-9872.68,0.0,-25.5496,-25.5496,-25.5496,-25.5496,-25.5496,-25.5496,-25.5496,0.0,0.114691,0.114691,0.114691,0.114691,0.114691,0.114691,0.114691,0.0,-
50,0.0014955134596211367,0.43066923249343647,-9873.35,-9873.304,-9873.119999999999,-9872.746666666666,-9872.445,-9872.089,-9872.0,0.5603768573222068,-29.8615,-29.75871,-29.34755,-28.8138,-28.28995,-27.855030000000003,-27.7463,0.8636402761952833,0.0900542,0.09092843,0.09442534999999999,0.10355289999999999,0.11030224999999999,0.11950685,0.121808,0.013392621334899303,-
54,0.0014955134596211367,0.6229998570108215,-9870.12,-9869.990000000002,-9869.470000000001,-9868.710000000001,-9868.005000000001,-9867.353000000001,-9867.19,1.1986937334727672,-32.6895,-32.24008,-30.4424,-26.97593333333333,-24.119149999999998,-20.85823,-20.043,5.234413807570902,0.0948133,0.09905187,0.11600615,0.12956176666666666,0.146936,0.1547256,0.156673,0.025825066902311962,-
140,0.0004985044865403788,0.0,-9867.49,-9867.49,-9867.49,-9867.49,-9867.49,-9867.49,-9867.49,0.0,-22.403,-22.403,-22.403,-22.403,-22.403,-22.403,-22.403,0.0,0.171032,0.171032,0.171032,0.171032,0.171032,0.171032,0.171032,0.0,-
142,0.0009970089730807576,1.052584414667061,-9884.73,-9883.9285,-9880.7225,-9876.715,-9872.7075,-9869.5015,-9868.7,8.014999999999418,-45.5635,-45.012209999999996,-42.80705,-40.0506,-37.29415,-35.08899,-34.5377,5.512899999999998,0.11482,0.1198797,0.1401185,0.165417,0.1907155,0.2109543,0.216014,0.050597,-
119,0.0014955134596211367,0.6471456275057784,-9878.36,-9878.064,-9876.880000000001,-9874.320000000002,-9872.3,-9869.820000000002,-9869.2,3.8167350794449293,-25.8955,-25.283469999999998,-22.83535,-20.223699999999997,-17.387800000000002,-15.47788,-15.0004,4.459197625133919,0.157135,0.1597057,0.1699885,0.18771666666666667,0.2030075,0.2191399,0.223173,0.027179356655782392,-
152,0.0004985044865403788,0.0,-9866.04,-9866.04,-9866.04,-9866.04,-9866.04,-9866.04,-9866.04,0.0,-20.3015,-20.3015,-20.3015,-20.3015,-20.3015,-20.3015,-20.3015,0.0,0.159923,0.159923,0.159923,0.159923,0.159923,0.159923,0.159923,0.0,-
133,0.0004985044865403788,0.0,-9863.31,-9863.31,-9863.31,-9863.31,-9863.31,-9863.31,-9863.31,0.0,-31.9859,-31.9859,-31.9859,-31.9859,-31.9859,-31.9859,-31.9859,0.0,0.180901,0.180901,0.180901,0.180901,0.180901,0.180901,0.180901,0.0,-
51,0.0014955134596211367,0.4814532879783289,-9870.37,-9869.971000000001,-9868.375,-9866.446666666667,-9864.485,-9862.969000000001,-9862.59,3.176521507701568,-23.9049,-23.752200000000002,-23.1414,-22.4248,-21.68475,-21.130229999999997,-20.9916,1.189812010361302,0.160966,0.1634648,0.17346,0.17873833333333333,0.1876245,0.1889609,0.189295,0.012640739544117749,-
93,0.0004985044865403788,0.0,-9867.32,-9867.32,-9867.32,-9867.32,-9867.32,-9867.32,-9867.32,0.0,-21.5715,-21.5715,-21.5715,-21.5715,-21.5715,-21.5715,-21.5715,0.0,0.276742,0.276742,0.276742,0.276742,0.276742,0.276742,0.276742,0.0,-
100,0.0004985044865403788,0.0,-9869.04,-9869.04,-9869.04,-9869.04,-9869.04,-9869.04,-9869.04,0.0,-20.6631,-20.6631,-20.6631,-20.6631,-20.6631,-20.6631,-20.6631,0.0,0.225553,0.225553,0.225553,0.225553,0.225553,0.225553,0.225553,0.0,-
76,0.0004985044865403788,0.0,-9870.12,-9870.12,-9870.12,-9870.12,-9870.12,-9870.12,-9870.12,0.0,-21.9226,-21.9226,-21.9226,-21.9226,-21.9226,-21.9226,-21.9226,0.0,0.157742,0.157742,0.157742,0.157742,0.157742,0.157742,0.157742,0.0,-
117,0.0009970089730807576,0.6455490298962584,-9880.22,-9879.779499999999,-9878.0175,-9875.814999999999,-9873.6125,-9871.8505,-9871.41,4.404999999999745,-26.3249,-26.3079,-26.2399,-26.154899999999998,-26.0699,-26.0019,-25.9849,0.16999999999999993,0.0855631,0.08600922500000001,0.087793725,0.09002435,0.092254975,0.094039475,0.0944856,0.00446125,-
115,0.0004985044865403788,0.0,-9864.31,-9864.31,-9864.31,-9864.31,-9864.31,-9864.31,-9864.31,0.0,-27.1983,-27.1983,-27.1983,-27.1983,-27.1983,-27.1983,-27.1983,0.0,0.117921,0.117921,0.117921,0.117921,0.117921,0.117921,0.117921,0.0,-
109,0.0004985044865403788,0.0,-9863.62,-9863.62,-9863.62,-9863.62,-9863.62,-9863.62,-9863.62,0.0,-30.0818,-30.0818,-30.0818,-30.0818,-30.0818,-30.0818,-30.0818,0.0,0.0852024,0.0852024,0.0852024,0.0852024,0.0852024,0.0852024,0.0852024,0.0,-
154,0.0004985044865403788,0.0,-9899.34,-9899.34,-9899.34,-9899.34,-9899.34,-9899.34,-9899.34,0.0,-35.465,-35.465,-35.465,-35.465,-35.465,-35.465,-35.465,0.0,0.213049,0.213049,0.213049,0.213049,0.213049,0.213049,0.213049,0.0,-
104,0.0009970089730807576,0.7844397363724005,-9883.92,-9883.8365,-9883.5025,-9883.085,-9882.6675,-9882.3335,-9882.25,0.8350000000000364,-33.2807,-33.02935,-32.02395,-30.767200000000003,-29.51045,-28.50505,-28.2537,2.5135000000000023,0.0949792,0.09702474,0.1052069,0.1154346,0.1256623,0.13384446,0.13589,0.020455400000000006,-
66,0.0009970089730807576,0.19467010556323228,-9865.03,-9864.974,-9864.75,-9864.470000000001,-9864.19,-9863.966,-9863.91,0.5600000000004002,-44.1582,-43.953875000000004,-43.136575,-42.11495,-41.093325,-40.276025,-40.0717,2.0432500000000005,0.052687,0.052864604999999995,0.053575025,0.05446305,0.055351075,0.056061495,0.0562391,0.0017760500000000012,-
163,0.0004985044865403788,0.0,-9866.02,-9866.02,-9866.02,-9866.02,-9866.02,-9866.02,-9866.02,0.0,-26.1486,-26.1486,-26.1486,-26.1486,-26.1486,-26.1486,-26.1486,0.0,0.168797,0.168797,0.168797,0.168797,0.168797,0.168797,0.168797,0.0,-
158,0.0004985044865403788,0.0,-9864.88,-9864.88,-9864.88,-9864.88,-9864.88,-9864.88,-9864.88,0.0,-26.95,-26.95,-26.95,-26.95,-26.95,-26.95,-26.95,0.0,0.150536,0.150536,0.150536,0.150536,0.150536,0.150536,0.150536,0.0,-
155,0.0019940179461615153,0.884721770756986,-9874.44,-9874.0755,-9872.6175,-9870.362500000001,-9868.605,-9865.953000000001,-9865.29,3.37254633029693,-25.5549,-25.3176,-24.3684,-23.168825,-22.675124999999998,-20.031825,-19.371,2.29851224422995,0.237902,0.23826935,0.23973875,0.248048,0.25359775,0.26168994999999995,0.263713,0.010152844847627672,-
101,0.0004985044865403788,0.0,-9862.79,-9862.79,-9862.79,-9862.79,-9862.79,-9862.79,-9862.79,0.0,-30.8628,-30.8628,-30.8628,-30.8628,-30.8628,-30.8628,-30.8628,0.0,0.126433,0.126433,0.126433,0.126433,0.126433,0.126433,0.126433,0.0,-
107,0.0004985044865403788,0.0,-9872.2,-9872.2,-9872.2,-9872.2,-9872.2,-9872.2,-9872.2,0.0,-30.1017,-30.1017,-30.1017,-30.1017,-30.1017,-30.1017,-30.1017,0.0,0.121259,0.121259,0.121259,0.121259,0.121259,0.121259,0.121259,0.0,-
82,0.0004985044865403788,0.0,-9870.21,-9870.21,-9870.21,-9870.21,-9870.21,-9870.21,-9870.21,0.0,-19.9184,-19.9184,-19.9184,-19.9184,-19.9184,-19.9184,-19.9184,0.0,0.153921,0.153921,0.153921,0.153921,0.153921,0.153921,0.153921,0.0,-
110,0.0004985044865403788,0.0,-9864.98,-9864.98,-9864.98,-9864.98,-9864.98,-9864.98,-9864.98,0.0,-19.9467,-19.9467,-19.9467,-19.9467,-19.9467,-19.9467,-19.9467,0.0,0.180162,0.180162,0.180162,0.180162,0.180162,0.180162,0.180162,0.0,-
141,0.0004985044865403788,0.0,-9865.06,-9865.06,-9865.06,-9865.06,-9865.06,-9865.06,-9865.06,0.0,-18.3152,-18.3152,-18.3152,-18.3152,-18.3152,-18.3152,-18.3152,0.0,0.26989,0.26989,0.26989,0.26989,0.26989,0.26989,0.26989,0.0,-
89,0.0004985044865403788,0.0,-9873.43,-9873.43,-9873.43,-9873.43,-9873.43,-9873.43,-9873.43,0.0,-24.7543,-24.7543,-24.7543,-24.7543,-24.7543,-24.7543,-24.7543,0.0,0.0946002,0.0946002,0.0946002,0.0946002,0.0946002,0.0946002,0.0946002,0.0,-
84,0.0004985044865403788,0.0,-9863.25,-9863.25,-9863.25,-9863.25,-9863.25,-9863.25,-9863.25,0.0,-23.9118,-23.9118,-23.9118,-23.9118,-23.9118,-23.9118,-23.9118,0.0,0.160796,0.160796,0.160796,0.160796,0.160796,0.160796,0.160796,0.0,-
161,0.0004985044865403788,0.0,-9866.59,-9866.59,-9866.59,-9866.59,-9866.59,-9866.59,-9866.59,0.0,-20.0527,-20.0527,-20.0527,-20.0527,-20.0527,-20.0527,-20.0527,0.0,0.154612,0.154612,0.154612,0.154612,0.154612,0.154612,0.154612,0.0,-
136,0.0004985044865403788,0.0,-9868.08,-9868.08,-9868.08,-9868.08,-9868.08,-9868.08,-9868.08,0.0,-26.257,-26.257,-26.257,-26.257,-26.257,-26.257,-26.257,0.0,0.113316,0.113316,0.113316,0.113316,0.113316,0.113316,0.113316,0.0,-
52,0.0009970089730807576,0.5065242837219159,-9877.87,-9877.7155,-9877.0975,-9876.325,-9875.552500000002,-9874.934500000001,-9874.78,1.5450000000000728,-28.1506,-28.07585,-27.77685,-27.403100000000002,-27.02935,-26.73035,-26.6556,0.7475000000000005,0.131315,0.1317283,0.1333815,0.135448,0.1375145,0.1391677,0.139581,0.004133000000000012,-
160,0.0004985044865403788,0.0,-9884.64,-9884.64,-9884.64,-9884.64,-9884.64,-9884.64,-9884.64,0.0,-32.2536,-32.2536,-32.2536,-32.2536,-32.2536,-32.2536,-32.2536,0.0,0.181588,0.181588,0.181588,0.181588,0.181588,0.181588,0.181588,0.0,-
156,0.0004985044865403788,0.0,-9866.54,-9866.54,-9866.54,-9866.54,-9866.54,-9866.54,-9866.54,0.0,-33.5324,-33.5324,-33.5324,-33.5324,-33.5324,-33.5324,-33.5324,0.0,0.196065,0.196065,0.196065,0.196065,0.196065,0.196065,0.196065,0.0,-
105,0.0004985044865403788,0.0,-9863.79,-9863.79,-9863.79,-9863.79,-9863.79,-9863.79,-9863.79,0.0,-28.7004,-28.7004,-28.7004,-28.7004,-28.7004,-28.7004,-28.7004,0.0,0.124292,0.124292,0.124292,0.124292,0.124292,0.124292,0.124292,0.0,-
91,0.0004985044865403788,0.0,-9864.6,-9864.6,-9864.6,-9864.6,-9864.6,-9864.6,-9864.6,0.0,-14.1029,-14.1029,-14.1029,-14.1029,-14.1029,-14.1029,-14.1029,0.0,0.286016,0.286016,0.286016,0.286016,0.286016,0.286016,0.286016,0.0,-
87,0.0004985044865403788,0.0,-9867.72,-9867.72,-9867.72,-9867.72,-9867.72,-9867.72,-9867.72,0.0,-19.7144,-19.7144,-19.7144,-19.7144,-19.7144,-19.7144,-19.7144,0.0,0.204247,0.204247,0.204247,0.204247,0.204247,0.204247,0.204247,0.0,-
149,0.0009970089730807576,0.7316951551021779,-9881.83,-9881.255,-9878.955,-9876.08,-9873.205,-9870.905,-9870.33,5.75,-14.3322,-14.18426,-13.592500000000001,-12.8528,-12.1131,-11.52134,-11.3734,1.4794,0.211011,0.2142455,0.22718349999999998,0.243356,0.2595285,0.27246649999999994,0.275701,0.032344999999999985,-
106,0.0004985044865403788,0.0,-9878.39,-9878.39,-9878.39,-9878.39,-9878.39,-9878.39,-9878.39,0.0,-32.7641,-32.7641,-32.7641,-32.7641,-32.7641,-32.7641,-32.7641,0.0,0.167884,0.167884,0.167884,0.167884,0.167884,0.167884,0.167884,0.0,-
86,0.0004985044865403788,0.0,-9870.4,-9870.4,-9870.4,-9870.4,-9870.4,-9870.4,-9870.4,0.0,-27.6633,-27.6633,-27.6633,-27.6633,-27.6633,-27.6633,-27.6633,0.0,0.106703,0.106703,0.106703,0.106703,0.106703,0.106703,0.106703,0.0,-
77,0.0004985044865403788,0.0,-9874.46,-9874.46,-9874.46,-9874.46,-9874.46,-9874.46,-9874.46,0.0,-27.8486,-27.8486,-27.8486,-27.8486,-27.8486,-27.8486,-27.8486,0.0,0.106157,0.106157,0.106157,0.106157,0.106157,0.106157,0.106157,0.0,-
159,0.0004985044865403788,0.0,-9872.31,-9872.31,-9872.31,-9872.31,-9872.31,-9872.31,-9872.31,0.0,-23.8482,-23.8482,-23.8482,-23.8482,-23.8482,-23.8482,-23.8482,0.0,0.1711,0.1711,0.1711,0.1711,0.1711,0.1711,0.1711,0.0,-
79,0.0004985044865403788,0.0,-9864.23,-9864.23,-9864.23,-9864.23,-9864.23,-9864.23,-9864.23,0.0,-28.7676,-28.7676,-28.7676,-28.7676,-28.7676,-28.7676,-28.7676,0.0,0.137143,0.137143,0.137143,0.137143,0.137143,0.137143,0.137143,0.0,-
75,0.0004985044865403788,0.0,-9863.05,-9863.05,-9863.05,-9863.05,-9863.05,-9863.05,-9863.05,0.0,-22.6182,-22.6182,-22.6182,-22.6182,-22.6182,-22.6182,-22.6182,0.0,0.16294,0.16294,0.16294,0.16294,0.16294,0.16294,0.16294,0.0,-
94,0.0004985044865403788,0.0,-9862.85,-9862.85,-9862.85,-9862.85,-9862.85,-9862.85,-9862.85,0.0,-29.2529,-29.2529,-29.2529,-29.2529,-29.2529,-29.2529,-29.2529,0.0,0.134744,0.134744,0.134744,0.134744,0.134744,0.134744,0.134744,0.0,-
40,0.0024925224327018943,0.5565111285264905,-9880.6,-9880.438,-9879.79,-9877.208,-9875.37,-9873.138,-9872.58,2.9397646164278326,-31.0081,-30.9088,-30.5116,-29.41986,-28.4919,-28.32262,-28.2803,1.1179639110454322,0.180384,0.1830036,0.193482,0.20088340000000002,0.212438,0.2148956,0.21551,0.012848419009356758,-
116,0.0009970089730807576,0.5619540906515406,-9876.06,-9875.984,-9875.68,-9875.3,-9874.92,-9874.616,-9874.54,0.7599999999993088,-37.5655,-37.50691,-37.27255,-36.979600000000005,-36.68665,-36.452290000000005,-36.3937,0.5858999999999988,0.109291,0.1095812,0.11074200000000001,0.112193,0.113644,0.1148048,0.115095,0.002902000000000002,-
44,0.0019940179461615153,0.5257133251874397,-9881.88,-9879.929999999998,-9872.13,-9869.687499999998,-9864.5025,-9863.2845,-9862.98,7.3515079235485015,-36.0066,-35.89284,-35.437799999999996,-32.620275,-30.606275,-28.222775000000002,-27.6269,3.329758492274627,0.132233,0.1342127,0.1421315,0.14721174999999997,0.15532225,0.15596844999999998,0.15613,0.009598885439857069,-
80,0.0004985044865403788,0.0,-9863.88,-9863.88,-9863.88,-9863.88,-9863.88,-9863.88,-9863.88,0.0,-19.7129,-19.7129,-19.7129,-19.7129,-19.7129,-19.7129,-19.7129,0.0,0.28552,0.28552,0.28552,0.28552,0.28552,0.28552,0.28552,0.0,-
148,0.0004985044865403788,0.0,-9868.48,-9868.48,-9868.48,-9868.48,-9868.48,-9868.48,-9868.48,0.0,-15.6515,-15.6515,-15.6515,-15.6515,-15.6515,-15.6515,-15.6515,0.0,0.280431,0.280431,0.280431,0.280431,0.280431,0.280431,0.280431,0.0,-
146,0.0004985044865403788,0.0,-9878.02,-9878.02,-9878.02,-9878.02,-9878.02,-9878.02,-9878.02,0.0,-15.4108,-15.4108,-15.4108,-15.4108,-15.4108,-15.4108,-15.4108,0.0,0.236446,0.236446,0.236446,0.236446,0.236446,0.236446,0.236446,0.0,-
135,0.0004985044865403788,0.0,-9872.88,-9872.88,-9872.88,-9872.88,-9872.88,-9872.88,-9872.88,0.0,-17.0954,-17.0954,-17.0954,-17.0954,-17.0954,-17.0954,-17.0954,0.0,0.221064,0.221064,0.221064,0.221064,0.221064,0.221064,0.221064,0.0,-
103,0.0004985044865403788,0.0,-9872.22,-9872.22,-9872.22,-9872.22,-9872.22,-9872.22,-9872.22,0.0,-20.3737,-20.3737,-20.3737,-20.3737,-20.3737,-20.3737,-20.3737,0.0,0.133711,0.133711,0.133711,0.133711,0.133711,0.133711,0.133711,0.0,-
102,0.0004985044865403788,0.0,-9876.84,-9876.84,-9876.84,-9876.84,-9876.84,-9876.84,-9876.84,0.0,-24.8336,-24.8336,-24.8336,-24.8336,-24.8336,-24.8336,-24.8336,0.0,0.104073,0.104073,0.104073,0.104073,0.104073,0.104073,0.104073,0.0,-
166,0.0004985044865403788,0.0,-9862.59,-9862.59,-9862.59,-9862.59,-9862.59,-9862.59,-9862.59,0.0,-20.198,-20.198,-20.198,-20.198,-20.198,-20.198,-20.198,0.0,0.164355,0.164355,0.164355,0.164355,0.164355,0.164355,0.164355,0.0,-
64,0.0009970089730807576,0.5396124998552196,-9871.13,-9871.092999999999,-9870.945,-9870.759999999998,-9870.574999999999,-9870.427,-9870.39,0.36999999999989086,-21.5338,-21.419404999999998,-20.961824999999997,-20.38985,-19.817875,-19.360295,-19.2459,1.1439500000000002,0.202803,0.20285255000000002,0.20305075,0.2032985,0.20354625,0.20374445,0.203794,0.0004954999999999959,-
81,0.0004985044865403788,0.0,-9863.71,-9863.71,-9863.71,-9863.71,-9863.71,-9863.71,-9863.71,0.0,-29.8134,-29.8134,-29.8134,-29.8134,-29.8134,-29.8134,-29.8134,0.0,0.175419,0.175419,0.175419,0.175419,0.175419,0.175419,0.175419,0.0,-
